{"highest_errors": [771, 3621, 674, 3252, 1765, 3218, 3415, 357, 1788, 1763, 742, 1317, 3545, 3521, 2618, 3606, 3568, 3251, 1721, 2595], "evas": -1.0042292968873694, "rmse": 0.3962542279787758}