{"highest_errors": [2511, 1791, 3577, 3502, 2640, 776, 777, 1584, 1784, 2289, 1325, 2127, 3205, 3592, 683, 3616, 1670, 2180, 3596, 3615], "evas": -1.0519609966775492, "rmse": 0.39827380926704203}