{"highest_errors": [3246, 862, 3536, 94, 1652, 3194, 165, 1579, 1622, 1800, 1738, 1796, 2583, 3619, 1433, 3360, 674, 1593, 1602, 3617], "evas": -0.9650170790125066, "rmse": 0.39238908002713724}