{"highest_errors": [2653, 3562, 3556, 465, 1823, 1804, 2545, 1338, 2600, 3039, 105, 778, 3236, 708, 1599, 765, 3600, 3591, 2020, 1657], "evas": -0.9963188247429728, "rmse": 0.39272466379061216}