{"highest_errors": [805, 542, 750, 531, 549, 540, 756, 568, 749, 376, 528, 587, 448, 530, 546, 547, 744, 425, 844, 133], "evas": -0.9311695365607617, "rmse": 0.18657328377337468}