{"highest_errors": [507, 212, 885, 61, 517, 472, 947, 25, 569, 504, 762, 101, 883, 776, 506, 363, 939, 1050, 288, 209], "evas": -0.9987605926987713, "rmse": 0.18056195940465972}