{"highest_errors": [458, 2030, 1446, 77, 3595, 1761, 773, 1705, 2283, 3623, 1738, 3569, 459, 778, 3617, 1818, 735, 1591, 2827, 3192], "evas": -0.9844783152174066, "rmse": 0.39429477613448194}