{"highest_errors": [2608, 781, 1537, 777, 3292, 1766, 1794, 3612, 2605, 3238, 2603, 2610, 198, 3556, 3429, 2587, 113, 1393, 1586, 1350], "evas": -0.9905279026699405, "rmse": 0.39216499767429}